{
    "max": [
        10.0, 
        266.0, 
        500.0, 
        650.0, 
        9.3, 
        6613.0, 
        21.0, 
        1800.0, 
        1.0
    ], 
    "mean": [
        87.90303115285406, 
        60.292039072039074, 
        493.03675566289587, 
        148.83757027318336, 
        70.55073428955868, 
        64.00357273707792, 
        468.92146511426324, 
        308.55360101604975, 
        3.1494451612903225
    ], 
    "min": [
        0.0, 
        1.0, 
        0.0, 
        0.0, 
        0.0, 
        0.0, 
        0.0, 
        0.0, 
        0.0039
    ]
}