type,Min,Mean,SD,Max
Money,1.0,53.896,79.84610708523407,250.0
PRESSURE,0.0,348.0314735576924,674.8852387251296,2100.0
PartsPerThousand,NaN,NaN,NaN,NaN
KILOMETER,1.0,534.7727272727273,806.4037220506007,2280.0
NANOMETER,NaN,NaN,NaN,NaN
FEET,0.0,538.8268292682926,1487.5308099371246,5000.0
METERS,0.0,231.95774647887305,614.9236500290891,6000.0
KILOGRAM,45.0,163.5,121.22874002235363,400.0
INCH,1.0,18.540000000000003,27.723066044524924,76.0
MILES,0.0,549.1052631578946,798.6055681530552,1864.0
