type,Min,Mean,SD,Max
Money,NaN,NaN,NaN,NaN
PRESSURE,-1979.0,44.10625000000003,727.6323059244964,1990.0
PartsPerThousand,NaN,NaN,NaN,NaN
KILOMETER,1.0,438.02222222222224,754.880213639518,2280.0
NANOMETER,NaN,NaN,NaN,NaN
FEET,0.0,71.0,116.30993078838969,300.0
METERS,1.0,239.88333333333338,387.1542223508068,1600.0
KILOGRAM,45.0,131.0,92.40129869217208,252.0
INCH,0.5,8.917142857142858,9.906633660138569,29.92
MILES,94.0,979.0,1251.5790027001892,1864.0
