type,Min,Mean,SD,Max
Money,1.0,50.747058823529414,81.17883704857334,250.0
PRESSURE,-1979.0,301.1346153846155,751.633281172751,2100.0
PartsPerThousand,NaN,NaN,NaN,NaN
KILOMETER,1.0,511.48387096774195,843.7619775334646,2280.0
NANOMETER,532.0,798.0,284.3659613948195,1064.0
FEET,0.0,545.0,1525.0302844275102,5000.0
METERS,0.0,122.7444444444444,297.8159589615479,1600.0
KILOGRAM,45.0,148.75,127.96528293394125,400.0
INCH,1.0,21.5,33.793490497431605,76.0
MILES,0.0,633.6875,857.3663331194354,1864.0
