type,Min,Mean,SD,Max
INCH,7.0,1560001.1666666667,764237.9420103182,1872000.0