type,Min,Mean,SD,Max
KILOGRAM,0.0,39.18181818181818,41.99480487350353,100.0