type,Min,Mean,SD,Max
Money,0.5,173.4069813907941,2509.64608671415,80000.0
PRESSURE,-80.0,88.56699248120304,524.9739481643197,9255.0
PartsPerThousand,NaN,NaN,NaN,NaN
KILOMETER,0.0,0.6,0.5477225575051662,1.0
NANOMETER,NaN,NaN,NaN,NaN
FEET,0.0,286.25,310.8484931832318,800.0
METERS,1.0,595.7,1553.3890583709758,5000.0
KILOGRAM,0.0,39.18181818181818,41.99480487350353,100.0
INCH,7.0,1560001.1666666667,764237.9420103182,1872000.0
MILES,0.0,63.57142857142857,60.18819691284203,150.0
