type,Min,Mean,SD,Max
Money,25.0,68.3,37.498899983866195,89.95
PRESSURE,1.0,20.1875,28.96715093572948,98.0
PartsPerThousand,NaN,NaN,NaN,NaN
KILOMETER,0.0,0.6,0.5477225575051662,1.0
NANOMETER,NaN,NaN,NaN,NaN
FEET,100.0,516.6666666666666,368.55573979159965,800.0
METERS,1.0,595.7,1553.3890583709758,5000.0
KILOGRAM,10.0,20.5,12.12435565298214,31.0
INCH,NaN,NaN,NaN,NaN
MILES,10.0,58.75,58.076816946753084,140.0
