type,Min,Mean,SD,Max
MILES,0.0,63.57142857142857,60.18819691284203,150.0