type,Min,Mean,SD,Max
PRESSURE,-80.0,88.56699248120304,524.9739481643197,9255.0