type,Min,Mean,SD,Max
TEMPERATURE,-120.0,47.38179782608696,43.32110076729482,150.0