{
  "max": [
    4.0,
    650.0,
    3000.0,
    1850.0,
    200.0,
    500.0,
    3.0,
    1.0,
    2.0,
    630.0,
    3.0,
    1.0,
    2008.0,
    2012.0,
    70.0,
    28.0,
    525.6,
    4.0,
    30.0,
    100.0,
    30.0,
    120.0,
    62.0,
    946.0,
    2012.0,
    1.0,
    760.0,
    1.0,
    0.0,
    15.0
  ],
  "mean": [
    1009.0,
    148.83757027318336,
    33.04023538961979,
    1850.0,
    30.610660558061866,
    6.197479237909136,
    3.0,
    1.0,
    2.0,
    630.0,
    3.0,
    1.0,
    1218.7759597225686,
    2012.0,
    49.125667276851736,
    14.812334142096306,
    319.62096989628066,
    4.0,
    30.0,
    100.0,
    41.992063492063494,
    32.3276759578889,
    62.0,
    68.9624730716723,
    2012.0,
    10.5,
    760.0,
    1.0,
    9.253950360129402,
    4.380952380952381
  ],
  "min": [
    4.0,
    0.0,
    0.0,
    1850.0,
    0.4,
    1.0,
    3.0,
    1.0,
    2.0,
    630.0,
    3.0,
    1.0,
    0.0,
    2012.0,
    0.0,
    0.0,
    0.1,
    4.0,
    30.0,
    100.0,
    1.0,
    0.0,
    62.0,
    0.0,
    2012.0,
    1.0,
    760.0,
    1.0,
    0.0,
    1.0
  ]
}