State,Max,Mean,Min
length,100000.0,320.0997408479138,0.0
mass,900913.0,3942.105245733789,0.0
temperature,0,0,0
time,19100.0,189.63923716131725,0.0