{"0": 0.061338906661356996, "1": 0.16191379759393096, "2": 0.1836755185159681, "3": 0.1800904101829408, "4": 0.14799623108692805, "5": 0.19597918457118105, "6": 0.18016815697049082, "7": 0.17494401116671993, "8": 0.1494309105546288, "9": 0.1817250103624827, "10": 0.22959428747455465, "11": 0.21054461956667275, "12": 0.17616149586322669, "13": 0.21362485845274592, "14": 0.1739542128762479, "15": 0.19931016481452438, "16": 0.1465037694291044, "17": 0.1687714142035653, "18": 0.19394600183644947, "19": 0.19666409937779974, "20": 0.15279354124995703, "21": 0.1876479877230657, "22": 0.20569376266921416, "23": 0.226643347326574, "24": 0.15808325299885279, "25": 0.18628255846175862, "26": 0.18671450448224783, "27": 0.18484972641068417, "28": 0.1671143206226201, "29": 0.16873546263804462, "30": 0.17476394061893932, "31": 0.16957777748972064, "32": 0.08888315189618207, "33": 0.18917741308144365, "34": 0.1973492092483691, "35": 0.1728632349622856, "36": 0.1736285722725647, "37": 0.19556524555435398, "38": 0.19437401614903196, "39": 0.18029389315218794, "40": 0.14192959473844663, "41": 0.18575951053532544, "42": 0.18307890008929553, "43": 0.18143693867358454, "44": 0.20778756843033355, "45": 0.19908793352805296, "46": 0.2168786846119982, "47": 0.21946994362815592, "48": 0.1864799344096075, "49": 0.1818324864107687, "50": 0.19190012029411796, "51": 0.18526061511735645, "52": 0.18699413099684653, "53": 0.18843928826529976, "54": 0.18551527511360943, "55": 0.19283629054346912, "56": 0.16744513594551433, "57": 0.1804668627805303, "58": 0.19358277549312827, "59": 0.1746661251782645, "60": 0.16992243623147985, "61": 0.17031043045720823, "62": 0.17283909999282354, "63": 0.1783930408256202, "64": 0.14638522744768742, "65": 0.19667571474783907, "66": 0.19950379382784394, "67": 0.20121272767988682, "68": 0.1882317197299479, "69": 0.1594131595793655, "70": 0.1872008128492104, "71": 0.17801650443523595, "72": 0.18097921138431963, "73": 0.16874666412296893, "74": 0.2088692728427519, "75": 0.19167046368552756, "76": 0.19665029911538764, "77": 0.19010981379587888, "78": 0.1822032437182343, "79": 0.18021957198733027, "80": 0.19278660471293638, "81": 0.1622697033187851, "82": 0.1730895462230452, "83": 0.19798596778233418, "84": 0.18419049008641863, "85": 0.1842461495010786, "86": 0.18348623627477326, "87": 0.18262471694912916, "88": 0.17551106395088267, "89": 0.19739271094184097, "90": 0.16375549280046314, "91": 0.1853087442558411, "92": 0.18378903903346963, "93": 0.189911392915475, "94": 0.18516254090223516, "95": 0.2008270872260617, "96": 0.1629399017926892, "97": 0.2012611368670202, "98": 0.21840200047259478, "99": 0.19149417651128323, "100": 0.22566389287448868, "101": 0.16784621889260956, "102": 0.24822974996202263, "103": 0.23699505179039893, "104": 0.23948003700650433, "105": 0.18938335966479714, "106": 0.1763795124275245, "107": 0.18122955009442843, "108": 0.21317863676217702, "109": 0.22558467427373266, "110": 0.18715581962344618, "111": 0.19891144870784155, "112": 0.2342893395521031, "113": 0.16223113987361973, "114": 0.19516514224899467, "115": 0.18462944492132613, "116": 0.1823941581945205, "117": 0.23086929744013507, "118": 0.1903289463958114, "119": 0.19143475913896726, "120": 0.16866866468892644, "121": 0.20651171685003053, "122": 0.17359739747032252, "123": 0.1623532727565511, "124": 0.18507541917035294, "125": 0.17077788062132465, "126": 0.19009993513419773, "127": 0.17909452402394035, "128": 0.13463022811860512, "129": 0.17697720469347938, "130": 0.19231037401445775, "131": 0.1749873721152053, "132": 0.21136528435376384, "133": 0.20095406291246054, "134": 0.19243581636349472, "135": 0.1886741488119718, "136": 0.18182382784361847, "137": 0.19754790480054749, "138": 0.142246237801087, "139": 0.1881834722143322, "140": 0.1591102014454646, "141": 0.17783183192556798, "142": 0.16646325468178325, "143": 0.16449107710025415, "144": 0.1802849103643574, "145": 0.182646818285607, "146": 0.17981338366340258, "147": 0.1777977297315011, "148": 0.19162744734751455, "149": 0.17660038547272056, "150": 0.18406702253113458, "151": 0.1889171998256037, "152": 0.1900418841596782, "153": 0.19273846164629815, "154": 0.1815487896223438, "155": 0.1867898413663585, "156": 0.17065452644730414, "157": 0.17817346246424826, "158": 0.16772420033036406, "159": 0.169210613394839, "160": 0.1762781661456619, "161": 0.19808525971429197, "162": 0.14806824315689396, "163": 0.18052169677817842, "164": 0.17740889258328596, "165": 0.16693502278411432, "166": 0.18688903173367358, "167": 0.17570629147924652, "168": 0.18380456728998637, "169": 0.18216725668747816, "170": 0.192551300506367, "171": 0.1766808849042527, "172": 0.18533157049239987, "173": 0.16639329888572274, "174": 0.16494217114524018, "175": 0.17353092726762054, "176": 0.19250913313100437, "177": 0.16814931260394683, "178": 0.1968659870550045, "179": 0.18944118569994114, "180": 0.17113673761098197, "181": 0.16445785952435651, "182": 0.17409882404817803, "183": 0.18260475010663316, "184": 0.16313644209600747, "185": 0.17623370661500815, "186": 0.18702328512899355, "187": 0.17486765344943866, "188": 0.18245229980179326, "189": 0.17008345620959212, "190": 0.1859188891989432, "191": 0.192053405455867, "192": 0.16806539040144075, "193": 0.18260678449001627, "194": 0.20816398689144813, "195": 0.19101289029920818, "196": 0.1862638107077362, "197": 0.1729935964411928, "198": 0.15517841478828734, "199": 0.15620255342622064, "200": 0.17822655308699145, "201": 0.17837249579853953, "202": 0.19415957496690933, "203": 0.18212043124071017, "204": 0.18932172804455097, "205": 0.18480886220150433, "206": 0.16540173601597902, "207": 0.16958868208604688, "208": 0.19626295552492395, "209": 0.1863312947468641, "210": 0.17693553509353657, "211": 0.1735314533196743, "212": 0.1770592472610436, "213": 0.18155976856758313, "214": 0.16510480386346812, "215": 0.16790555899054174, "216": 0.1773118609645229, "217": 0.1909300435188843, "218": 0.16659139565738554, "219": 0.1695940891048355, "220": 0.1676682012890248, "221": 0.17628638293227492, "222": 0.17409756929830109, "223": 0.18953732495915834, "224": 0.18226860098566272, "225": 0.19527433143173523, "226": 0.18063073704054522, "227": 0.15690524235383135, "228": 0.18017023666790133, "229": 0.1839519130897749, "230": 0.18594695460229738, "231": 0.15347656804199689, "232": 0.19858550746899464, "233": 0.17649257415965017, "234": 0.18646222367972487, "235": 0.1611350672630608, "236": 0.1815580025497618, "237": 0.16446048088037385, "238": 0.16688706729465116, "239": 0.16770929814325775, "240": 0.1899327713975313, "241": 0.1763843182262291, "242": 0.19241625815014093, "243": 0.1771620065912969, "244": 0.18210317938415, "245": 0.16905237323929045, "246": 0.18788403467544124, "247": 0.16194222528881308, "248": 0.18026061269960097, "249": 0.18751193166021057, "250": 0.17961782702101162, "251": 0.18134284679897578, "252": 0.18613155856562372, "253": 0.2016042255546822, "254": 0.18192387467210544, "255": 0.08167118486133834}