{"0": 0.811445714316874, "1": 0.9438608052200979, "2": 0.9852732670524113, "3": 0.9875822153288564, "4": 0.9867181423389177, "5": 0.9898490961543384, "6": 0.9818531125783811, "7": 0.9894552323941053, "8": 0.9849782088086643, "9": 0.982738997076997, "10": 0.9921395383149475, "11": 0.9910390410493853, "12": 0.9925074714645733, "13": 0.9810175778315465, "14": 0.9932283069326202, "15": 0.9859817556746552, "16": 0.9908974765315688, "17": 0.9915674921584312, "18": 0.9925143692915367, "19": 0.992245283511867, "20": 0.9925788979438116, "21": 0.9918004211565193, "22": 0.9878444011554978, "23": 0.9930134969571534, "24": 0.9892386499252908, "25": 0.9932518751673957, "26": 0.9925163399986562, "27": 0.9935580392535993, "28": 0.9931322050252247, "29": 0.9936327945926166, "30": 0.9906556960188906, "31": 0.9928051642652157, "32": 0.7855191985672912, "33": 0.9875431373199217, "34": 0.9931435878767491, "35": 0.9932567183160457, "36": 0.9897396751686147, "37": 0.99237544816053, "38": 0.9922276912542629, "39": 0.9935003635853573, "40": 0.9859363995284427, "41": 0.9844202221589805, "42": 0.9867157771737072, "43": 0.990964115279383, "44": 0.9902667519537408, "45": 0.9882177095494709, "46": 0.9882055820796247, "47": 0.9913280636029281, "48": 0.9887823031171078, "49": 0.9927293905145544, "50": 0.9923819628228087, "51": 0.9867485646289683, "52": 0.9931432396114407, "53": 0.9926088188708163, "54": 0.9925503873402509, "55": 0.9932242327144061, "56": 0.9910149265771101, "57": 0.9924176323232036, "58": 0.9916068582675105, "59": 0.9927978663652575, "60": 0.9838544860621435, "61": 0.9931774958434393, "62": 0.9890504486799111, "63": 0.9914632261554261, "64": 0.9919336539939829, "65": 0.9911842398619708, "66": 0.9877211289024026, "67": 0.9843215567533734, "68": 0.9920554603309325, "69": 0.9926110658294408, "70": 0.9923931636514011, "71": 0.9916133476960807, "72": 0.9923956240930941, "73": 0.9893748017224101, "74": 0.9828507430376985, "75": 0.9900193288512688, "76": 0.9928408903848225, "77": 0.9911560191257198, "78": 0.989550939189815, "79": 0.9925210590601946, "80": 0.9922760724042243, "81": 0.992445802768342, "82": 0.992629399479665, "83": 0.991262249380555, "84": 0.9921256844568178, "85": 0.9932637091607923, "86": 0.9924932833407744, "87": 0.9925530255984274, "88": 0.9929464290753254, "89": 0.9933172285697837, "90": 0.9895295373475317, "91": 0.9934986667177913, "92": 0.9930281261133055, "93": 0.9840474942961435, "94": 0.9850051559559565, "95": 0.9735291537116072, "96": 0.9811793145085014, "97": 0.9154785076654733, "98": 0.9866126758105483, "99": 0.9635080850006339, "100": 0.9678233739982636, "101": 0.8722991966349545, "102": 0.9817036907169867, "103": 0.985556307827812, "104": 0.9702723074177018, "105": 0.9190625407678804, "106": 0.9933897820696147, "107": 0.9853856369220747, "108": 0.9630098435194154, "109": 0.9785592243564507, "110": 0.9270710071405011, "111": 0.9231242279740024, "112": 0.9776721370272043, "113": 0.9923443199535272, "114": 0.9289838310980895, "115": 0.9332903980317643, "116": 0.9041141427449586, "117": 0.9737041444112832, "118": 0.9911177348948697, "119": 0.9905267764942504, "120": 0.9928806736793439, "121": 0.9892893675723295, "122": 0.9936917590183723, "123": 0.9914649761999242, "124": 0.993772200980673, "125": 0.9938091663624987, "126": 0.993704347901759, "127": 0.9890544106550396, "128": 0.982006844476198, "129": 0.9929416557722812, "130": 0.9932314272355715, "131": 0.9936448996324028, "132": 0.9790828041087088, "133": 0.9936119266989671, "134": 0.9936671669081979, "135": 0.9932422816812325, "136": 0.993207883669966, "137": 0.9937241251614056, "138": 0.9937182487695884, "139": 0.9937084789261917, "140": 0.9937049822008863, "141": 0.993687544002233, "142": 0.9937026585741092, "143": 0.9937588131812666, "144": 0.9910409003603826, "145": 0.9937180230813367, "146": 0.993742811815601, "147": 0.9937816046898513, "148": 0.9935240439966098, "149": 0.9937678726700017, "150": 0.9937120082588958, "151": 0.9938014930443156, "152": 0.9887886194595448, "153": 0.9937240613158271, "154": 0.9935698903064828, "155": 0.9937118906742956, "156": 0.992690323887865, "157": 0.9938119218618555, "158": 0.993728860429353, "159": 0.9937997771152423, "160": 0.9931332701533144, "161": 0.9936474620293886, "162": 0.9937313131425639, "163": 0.9937367399933821, "164": 0.9936827624957081, "165": 0.9937777821890851, "166": 0.9937615707987274, "167": 0.9936976373373765, "168": 0.993773633227073, "169": 0.9933656137308832, "170": 0.993727472263463, "171": 0.9937790906920316, "172": 0.9938115400968885, "173": 0.9937972670974463, "174": 0.9936149418698871, "175": 0.9938276028583966, "176": 0.9935458656332208, "177": 0.9937692174490026, "178": 0.9937744453431454, "179": 0.9938126429373892, "180": 0.9936790595110221, "181": 0.9932747104568518, "182": 0.9938268642117231, "183": 0.9937990930422038, "184": 0.9937377936533072, "185": 0.9937875267398121, "186": 0.993724490582325, "187": 0.9938147399082469, "188": 0.9937671613269148, "189": 0.992499400121033, "190": 0.9937843065910521, "191": 0.9936262883757517, "192": 0.9935023742655561, "193": 0.9937958338801357, "194": 0.9937633425377999, "195": 0.9937818735424593, "196": 0.993768831421507, "197": 0.9937970835877984, "198": 0.992187741149762, "199": 0.9937046116017769, "200": 0.9937725353026879, "201": 0.9937264366793033, "202": 0.9937257791558781, "203": 0.9938122417763819, "204": 0.9937089882759255, "205": 0.9937939052184595, "206": 0.9937616031282512, "207": 0.9937989749092504, "208": 0.9935834582759546, "209": 0.9937442872919594, "210": 0.9937053972804432, "211": 0.9937358869035445, "212": 0.993783086915749, "213": 0.9937712953657671, "214": 0.9911525254672234, "215": 0.9938060689633164, "216": 0.9936870850100457, "217": 0.993771455921726, "218": 0.9937584019103888, "219": 0.9938169892098032, "220": 0.99377329340578, "221": 0.9936944864678181, "222": 0.9932137926450072, "223": 0.993806367459022, "224": 0.9936406786631454, "225": 0.9936575122973831, "226": 0.9937574020540235, "227": 0.9937567129139635, "228": 0.993754812087525, "229": 0.9937793550519379, "230": 0.9938022350251854, "231": 0.9937757222284038, "232": 0.9937257303812831, "233": 0.9937873288387857, "234": 0.9937556466257196, "235": 0.9937547495026295, "236": 0.9937281549286946, "237": 0.9937460985150518, "238": 0.9937644660892675, "239": 0.9938111538572746, "240": 0.9903566169645377, "241": 0.9934992723281751, "242": 0.9937215978739926, "243": 0.9936832641841797, "244": 0.9936870913029769, "245": 0.9936998807782711, "246": 0.9934495308237434, "247": 0.9928510689177094, "248": 0.9937071412317058, "249": 0.9935996293881492, "250": 0.9936727508908318, "251": 0.9934084424893346, "252": 0.9933603564224276, "253": 0.9891010468498688, "254": 0.9905185011594012, "255": 0.7854982365430079}