{
    "max": [
        1.0, 
        0.0, 
        36.0, 
        4.0, 
        11.0, 
        22.0, 
        7.0, 
        1.0, 
        95.0, 
        1.0, 
        65.0, 
        7.0, 
        4.0, 
        38.0, 
        5302.0, 
        97.0, 
        4.0, 
        11.0, 
        29334.0, 
        9.0, 
        9.3, 
        9.0, 
        1.0, 
        65.0, 
        0.0, 
        1144.0, 
        2.0, 
        6483.0, 
        916.0, 
        345.0, 
        55.0, 
        12.0, 
        4444.0, 
        2.0, 
        12104.0, 
        3.0, 
        9.0, 
        2.0, 
        1960.0, 
        741.0, 
        5.0, 
        7.0, 
        54.0, 
        7.0, 
        3.0, 
        700.0, 
        38.0, 
        8104.0, 
        88.0, 
        133994.0, 
        1989.0, 
        65.0, 
        441.0, 
        55.0, 
        11.02, 
        74.0, 
        100749.0, 
        4760.0, 
        15.0, 
        72.0, 
        4.0, 
        2008.0, 
        7.0, 
        25.0, 
        19.0, 
        1.0, 
        1064.0, 
        5.0, 
        1.0, 
        1.0, 
        14.0, 
        19.0, 
        100.0, 
        33.0, 
        17.0, 
        4.0, 
        184.0, 
        1000.0, 
        1992.0, 
        1.0, 
        2492.0, 
        551321.0, 
        41255.0, 
        15.0, 
        51.0
    ], 
    "mean": [
        1.0, 
        0.0, 
        36.0, 
        4.0, 
        8.633333333333333, 
        7.886666666666668, 
        7.0, 
        1.0, 
        63.666666666666664, 
        1.0, 
        11.222222222222221, 
        5.571428571428571, 
        4.0, 
        36.87499996647239, 
        95.80952380952381, 
        33.0, 
        4.0, 
        3.6666666666666665, 
        3913.6666666666665, 
        6.333333333333333, 
        9.3, 
        8.333333333333334, 
        1.0, 
        13.294207410120247, 
        0.0, 
        328.3257471141595, 
        2.0, 
        6483.0, 
        60.68492256046388, 
        64.2, 
        55.0, 
        8.142857142857142, 
        1277.5714285714287, 
        2.0, 
        35.741133866580455, 
        3.0, 
        9.0, 
        1.6666666666666667, 
        946.1391941391942, 
        58.59194139194139, 
        5.0, 
        2.5714285714285716, 
        41.333277602990464, 
        7.0, 
        3.0, 
        700.0, 
        3.6507936507936507, 
        1219.4285714285713, 
        13.459080705266746, 
        133994.0, 
        288.42857142857144, 
        65.0, 
        294.0, 
        21.666666666666668, 
        11.020000000000001, 
        74.0, 
        100749.0, 
        267.34075210040487, 
        15.0, 
        10.795275590551181, 
        3.5714285714285716, 
        270.73333333333335, 
        4.333333333333333, 
        11.0, 
        6.483870967741935, 
        1.0, 
        354.6666666666667, 
        3.6666666666666665, 
        1.0, 
        1.0, 
        7.387096774193548, 
        19.0, 
        66.66615804034943, 
        7.342857142857143, 
        11.0, 
        4.0, 
        184.0, 
        1000.0, 
        79.82463343108505, 
        0.3333333333333333, 
        949.2857142857143, 
        6.50400305605504, 
        2594.031311154599, 
        15.0, 
        51.0
    ], 
    "min": [
        1.0, 
        0.0, 
        36.0, 
        4.0, 
        3.9, 
        2.15, 
        7.0, 
        1.0, 
        1.0, 
        1.0, 
        1.0, 
        5.0, 
        4.0, 
        2.0, 
        1.0, 
        1.0, 
        4.0, 
        0.0, 
        1.0, 
        5.0, 
        9.3, 
        8.0, 
        1.0, 
        0.0, 
        0.0, 
        3.0, 
        2.0, 
        6483.0, 
        0.0, 
        0.0, 
        55.0, 
        1.0, 
        7.0, 
        2.0, 
        2.0, 
        3.0, 
        9.0, 
        1.0, 
        23.0, 
        0.0, 
        5.0, 
        0.0, 
        35.0, 
        7.0, 
        3.0, 
        700.0, 
        0.0, 
        4.0, 
        4.0, 
        133994.0, 
        4.0, 
        65.0, 
        0.0, 
        5.0, 
        11.02, 
        74.0, 
        100749.0, 
        0.0, 
        15.0, 
        1.0, 
        1.0, 
        1.0, 
        3.0, 
        2.0, 
        1.0, 
        1.0, 
        0.0, 
        1.0, 
        1.0, 
        1.0, 
        1.0, 
        19.0, 
        0.0, 
        1.0, 
        8.0, 
        4.0, 
        184.0, 
        1000.0, 
        1.0, 
        0.0, 
        1.0, 
        0.0, 
        0.0, 
        15.0, 
        51.0
    ]
}