{
    "max": [
        95.0, 
        3000.0, 
        1.6, 
        80.0, 
        2.0, 
        6.0, 
        2008.0, 
        36.0, 
        1980.0, 
        3.6, 
        70.0, 
        19.0, 
        11.0, 
        0.0, 
        905.0, 
        6.0, 
        3.0, 
        10.0, 
        304.0, 
        23.0, 
        11.0, 
        18.0, 
        500.0, 
        40.0, 
        163296.0, 
        5.1, 
        7.0, 
        0.0, 
        212.0, 
        212.0, 
        25.0, 
        4.0, 
        4.0, 
        3.0, 
        250.0, 
        6.0, 
        3842.0, 
        90.0, 
        6.25, 
        6000.0, 
        1.0, 
        8.0, 
        60.0
    ], 
    "mean": [
        25.133333333333333, 
        802.0472440944882, 
        1.6000000000000003, 
        21.29032258064516, 
        2.0, 
        5.354838709677419, 
        1998.6740321728598, 
        13.714285714285714, 
        1980.0, 
        3.6000000000000005, 
        70.0, 
        13.933333333333334, 
        11.0, 
        0.0, 
        141.38095238095238, 
        6.0, 
        3.0, 
        4.666666666666667, 
        1.7356412273800157, 
        23.0, 
        2.452747252747253, 
        11.290322580645162, 
        214.85714285714286, 
        38.774193548387096, 
        163296.0, 
        5.1, 
        7.0, 
        0.0, 
        192.71428571428572, 
        22.993548387096773, 
        18.666666666666668, 
        1.6666666666666667, 
        4.0, 
        3.0, 
        183.33333333333334, 
        6.0, 
        2113.3653504091917, 
        90.0, 
        2.8870967741935485, 
        262.7936507936508, 
        1.0, 
        5.2, 
        25.52
    ], 
    "min": [
        8.0, 
        0.0, 
        1.6, 
        3.0, 
        2.0, 
        2.0, 
        2.0, 
        6.0, 
        1980.0, 
        3.6, 
        70.0, 
        5.0, 
        11.0, 
        0.0, 
        3.0, 
        6.0, 
        3.0, 
        2.0, 
        1.0, 
        23.0, 
        1.0, 
        2.0, 
        1.0, 
        2.0, 
        163296.0, 
        5.1, 
        7.0, 
        0.0, 
        81.0, 
        1.1, 
        6.0, 
        0.5, 
        4.0, 
        3.0, 
        50.0, 
        6.0, 
        10.0, 
        90.0, 
        1.0, 
        10.0, 
        1.0, 
        5.0, 
        0.35
    ]
}