{
    "max": [
        32.0, 
        16.0, 
        2.0, 
        2.0, 
        97.0, 
        0.0, 
        16.0, 
        0.0, 
        32.0, 
        97.0, 
        0.0, 
        64.0, 
        2.0, 
        90.0, 
        64.0, 
        4.0, 
        7.0, 
        89.0, 
        3.0, 
        9.96921, 
        7.0, 
        24.0, 
        2.0, 
        256.0, 
        2.0, 
        0.0, 
        18.0, 
        24.0, 
        5.0, 
        521.0, 
        2.0, 
        28.0, 
        4.0, 
        30.0, 
        2.0, 
        7.0, 
        4.3, 
        9.0, 
        2.0, 
        24.0, 
        571.0, 
        192.0, 
        49.0, 
        2.0, 
        18.0, 
        16.0, 
        3.0, 
        32.0, 
        571.0, 
        32.0, 
        33.0, 
        90.0, 
        3.0, 
        1.0, 
        7.0, 
        35.0, 
        8.0, 
        2.0
    ], 
    "mean": [
        18.285782115800547, 
        16.0, 
        2.0, 
        2.0, 
        48.98827838827839, 
        0.0, 
        16.0, 
        0.0, 
        16.50793650793651, 
        97.0, 
        0.0, 
        31.081919179587352, 
        2.0, 
        18.598425196850393, 
        22.666666666666668, 
        2.5161290322580645, 
        2.0663190199261097, 
        30.123054385643655, 
        2.066666666666667, 
        3.3103469620328365, 
        0.6875000000000568, 
        10.0, 
        1.0305249763786737, 
        68.40944881889764, 
        2.0, 
        0.0, 
        18.0, 
        12.0, 
        5.0, 
        6.4580230712890625, 
        2.0, 
        28.0, 
        3.2576313393602176, 
        30.0, 
        2.0, 
        2.3464733644268914, 
        1.8810537800123595, 
        2.0361557008982705, 
        2.0, 
        24.0, 
        127.9442138671875, 
        192.0, 
        5.750000000226919, 
        1.3333333333333333, 
        18.0, 
        2.4156862745098038, 
        3.0, 
        3.136322021484375, 
        176.2633233324496, 
        13.714285714285714, 
        33.0, 
        80.4, 
        3.0, 
        0.2, 
        6.0, 
        35.0, 
        5.333333333333333, 
        0.26666666666666666
    ], 
    "min": [
        2.0, 
        16.0, 
        2.0, 
        2.0, 
        33.0, 
        0.0, 
        16.0, 
        0.0, 
        16.0, 
        97.0, 
        0.0, 
        4.0, 
        2.0, 
        0.0, 
        2.0, 
        0.0, 
        0.0, 
        0.0, 
        2.0, 
        0.0, 
        0.0, 
        3.0, 
        1.0, 
        2.0, 
        2.0, 
        0.0, 
        18.0, 
        6.0, 
        5.0, 
        1.0, 
        2.0, 
        28.0, 
        1.0, 
        30.0, 
        2.0, 
        1.0, 
        1.0, 
        0.0, 
        2.0, 
        24.0, 
        2.0, 
        192.0, 
        2.0, 
        1.0, 
        6.0, 
        1.0, 
        3.0, 
        2.0, 
        9.0, 
        8.0, 
        33.0, 
        78.0, 
        3.0, 
        0.0, 
        0.0, 
        35.0, 
        4.0, 
        0.0
    ]
}