{
    "max": [
        3.0, 
        9.0, 
        5.0, 
        3.7, 
        59933.0, 
        591.0, 
        121.0, 
        550.0, 
        0.0, 
        3303.0, 
        4.0, 
        4.0, 
        5.0, 
        21.0, 
        0.0, 
        510.0, 
        5.0, 
        1.0, 
        55.0, 
        42.0, 
        7.0, 
        5140.0, 
        71.0, 
        2015.0, 
        1200.0, 
        15.0, 
        61.0, 
        11.0, 
        35.22, 
        5.0, 
        1.0, 
        55.0, 
        505.0, 
        7.0, 
        460.0, 
        1.0, 
        1.0, 
        13.0, 
        7.0, 
        55.0, 
        2.0, 
        963.0, 
        200.0, 
        5.0, 
        7.0, 
        2.0, 
        1.0, 
        113.0, 
        98.0, 
        2.0
    ], 
    "mean": [
        3.0, 
        6.0, 
        5.0, 
        3.466666666666667, 
        8.011558532410305, 
        591.0, 
        121.0, 
        487.2857142857143, 
        0.0, 
        2202.0, 
        4.0, 
        3.6666666666666665, 
        4.466666666666667, 
        16.666666666666668, 
        0.0, 
        510.0, 
        3.2857142857142856, 
        1.0, 
        49.44444444444444, 
        20.666666666666668, 
        7.0, 
        3885.8818897637793, 
        11.466666666666667, 
        136.33333333333334, 
        1200.0, 
        13.0, 
        61.0, 
        5.682539682539683, 
        6.348, 
        5.0, 
        1.0, 
        23.666666666666668, 
        272.26666666666665, 
        7.0, 
        460.0, 
        1.0, 
        1.0, 
        13.0, 
        7.0, 
        5.513383116696111, 
        2.0, 
        35.208051765444985, 
        63.57142857142857, 
        3.3333333333333335, 
        3.5714285714285716, 
        2.0, 
        1.0, 
        113.0, 
        33.857142857142854, 
        2.0
    ], 
    "min": [
        3.0, 
        0.0, 
        5.0, 
        3.0, 
        0.0, 
        591.0, 
        121.0, 
        111.0, 
        0.0, 
        0.0, 
        4.0, 
        3.0, 
        4.0, 
        8.0, 
        0.0, 
        510.0, 
        3.0, 
        1.0, 
        8.0, 
        10.0, 
        7.0, 
        0.0, 
        0.0, 
        1.0, 
        1200.0, 
        1.0, 
        61.0, 
        1.0, 
        2.0, 
        5.0, 
        1.0, 
        8.0, 
        2.0, 
        7.0, 
        460.0, 
        1.0, 
        1.0, 
        13.0, 
        7.0, 
        0.0, 
        2.0, 
        0.0, 
        9.0, 
        0.0, 
        3.0, 
        2.0, 
        1.0, 
        113.0, 
        5.0, 
        2.0
    ]
}