{
    "max": [
        30.0, 
        50.0, 
        11.0, 
        100.0, 
        50.0, 
        1.5, 
        15.0, 
        9.0, 
        2014.0, 
        2012.0, 
        100.0, 
        3.0, 
        5.2, 
        2.3, 
        475.0, 
        22.0, 
        1970.0, 
        2014.0, 
        6803.0, 
        37.0, 
        2014.0, 
        100.0, 
        3.7, 
        1.0, 
        0.0, 
        391.0, 
        2014.0, 
        3.0, 
        7123.1, 
        20.0, 
        2015.0, 
        4.0, 
        69.0, 
        5.0, 
        38.0, 
        500.0, 
        800.0, 
        33.0, 
        80.0, 
        30.0, 
        2014.0, 
        7.0, 
        7.1, 
        1.0, 
        2011.0, 
        2.0, 
        7.0, 
        45.0, 
        3.0, 
        7.0, 
        2012.0, 
        20.0, 
        2015.0, 
        8.8, 
        1.1, 
        1.0, 
        16.0, 
        2014.0, 
        20.0, 
        250.0, 
        12.0, 
        3842.0, 
        5.0, 
        100.0, 
        10.0, 
        2.2, 
        21.0, 
        21.0, 
        8.0, 
        13.0, 
        10.0, 
        44.0, 
        15.0, 
        16.0, 
        12.0, 
        0.35
    ], 
    "mean": [
        16.733333333333334, 
        50.0, 
        5.533333333333333, 
        3.694877042535863, 
        50.0, 
        1.5, 
        15.0, 
        5.852862745098039, 
        286.06666666666666, 
        2011.6666666666667, 
        51.89434169566014, 
        2.5002442598925256, 
        5.2, 
        2.0285714285714285, 
        82.679843444227, 
        22.0, 
        1131.7142857142858, 
        1366.0645161290322, 
        1225.0765099032562, 
        24.866666666666667, 
        680.6666666666666, 
        16.013690549855532, 
        2.3666666666666667, 
        1.0, 
        0.0, 
        58.77165354330709, 
        678.0, 
        2.6666666666666665, 
        131.16203522504892, 
        6.857142857142857, 
        41.9946288578206, 
        4.0, 
        38.27450980392157, 
        3.2857142857142856, 
        20.84313725490196, 
        19.058088145525577, 
        54.584313725490205, 
        33.0, 
        80.0, 
        30.0, 
        2014.0, 
        7.0, 
        4.2, 
        1.0, 
        1344.0, 
        2.0, 
        7.0, 
        45.0, 
        3.0, 
        7.0, 
        2012.0, 
        20.0, 
        2015.0, 
        5.783843137254902, 
        1.1, 
        1.0, 
        12.0, 
        2014.0, 
        20.0, 
        183.33333333333334, 
        10.0, 
        866.4126984126984, 
        5.0, 
        100.0, 
        10.0, 
        2.2, 
        19.0, 
        21.0, 
        6.6, 
        13.0, 
        10.0, 
        1.5319572763341132, 
        3.3058823529411763, 
        16.0, 
        12.0, 
        0.35
    ], 
    "min": [
        1.0, 
        50.0, 
        0.0, 
        0.0, 
        50.0, 
        1.5, 
        15.0, 
        1.31, 
        7.0, 
        2011.0, 
        4.0, 
        2.0, 
        5.2, 
        1.0, 
        1.0, 
        22.0, 
        3.0, 
        5.0, 
        0.0, 
        11.0, 
        14.0, 
        4.0, 
        1.7, 
        1.0, 
        0.0, 
        1.0, 
        10.0, 
        2.0, 
        1.0, 
        2.0, 
        2.0, 
        4.0, 
        3.0, 
        1.0, 
        2.0, 
        1.0, 
        1.4, 
        33.0, 
        80.0, 
        30.0, 
        2014.0, 
        7.0, 
        1.0, 
        1.0, 
        10.0, 
        2.0, 
        7.0, 
        45.0, 
        3.0, 
        7.0, 
        2012.0, 
        20.0, 
        2015.0, 
        1.2, 
        1.1, 
        1.0, 
        2.0, 
        2014.0, 
        20.0, 
        50.0, 
        6.0, 
        0.0, 
        5.0, 
        100.0, 
        10.0, 
        2.2, 
        15.0, 
        21.0, 
        5.0, 
        13.0, 
        10.0, 
        0.0, 
        3.0, 
        16.0, 
        12.0, 
        0.35
    ]
}