{
    "max": [
        1.0, 
        3.0, 
        60.0, 
        206.0, 
        24.0, 
        47.0
    ], 
    "mean": [
        1.0, 
        3.0, 
        46.4350241103583, 
        5.987028408789555, 
        24.0, 
        47.0
    ], 
    "min": [
        1.0, 
        3.0, 
        1.0, 
        0.0, 
        24.0, 
        47.0
    ]
}