"letter"	"max"	"startValue"	"avg"
"meters"	"2037.5"	"7.0"	"243.43137254901961"
"miles"	"45.0"	"10.0"	"27.964848484848485"
"m"	"500.0"	"5.0"	"95.493191489361706"
"cm"	"25.0"	"5.0"	"12.083673469387756"
"km"	"70.0"	"6.25"	"35.856342182890856"
