type,Min,Mean,SD,Max
Money,1.0,60.76428571428571,86.59071150349395,250.0
PRESSURE,-1980.0,398.6538461538461,922.860290284838,2100.0
PartsPerThousand,NaN,NaN,NaN,NaN
KILOMETER,8.0,632.04,913.675797299802,2280.0
NANOMETER,NaN,NaN,NaN,NaN
FEET,35.0,1293.5,2287.800565733698,5000.0
METERS,0.0,98.70689655172413,211.56021252155966,1064.0
KILOGRAM,45.0,173.875,148.09595103947208,400.0
INCH,1.0,51.0,43.30127018922193,76.0
MILES,0.0,736.5,934.5762981923184,1864.0
