type,Min,Mean,SD,Max
Money,1.1,10.16875,8.73044498538632,27.0
PRESSURE,-1980.0,190.13918918918935,683.8198572798925,2100.0
PartsPerThousand,NaN,NaN,NaN,NaN
KILOMETER,1.0,477.45106382978724,757.3817232592191,2280.0
NANOMETER,NaN,NaN,NaN,NaN
FEET,0.0,501.2857142857143,1362.202325134991,5000.0
METERS,1.0,239.7306930693069,404.08885823357565,1600.0
KILOGRAM,45.0,184.77777777777777,148.47996717939685,494.0
INCH,1.0,9.3625,16.274672565224257,76.0
MILES,0.0,599.5909090909091,795.3938023808087,1864.0
