type,Min,Mean,SD,Max
Money,0.0,73.64989847715734,210.86566629595865,975.0
PRESSURE,0.0,19.842105263157897,22.161686553085097,60.0
PartsPerThousand,NaN,NaN,NaN,NaN
KILOMETER,15.0,18.6,9.9498743710662,45.0
NANOMETER,NaN,NaN,NaN,NaN
FEET,NaN,NaN,NaN,NaN
METERS,500.0,500.0,0.0,500.0
KILOGRAM,NaN,NaN,NaN,NaN
INCH,1456000.0,3550000.0,1923800.405447509,5184000.0
MILES,NaN,NaN,NaN,NaN
