type,Min,Mean,SD,Max
Money,0.0,954.0683788027532,16492.71857671349,499999.0
PRESSURE,-90.0,90.673231441048,499.31211538503527,9255.0
PartsPerThousand,NaN,NaN,NaN,NaN
KILOMETER,NaN,NaN,NaN,NaN
NANOMETER,NaN,NaN,NaN,NaN
FEET,0.0,0.0,0.0,0.0
METERS,NaN,NaN,NaN,NaN
KILOGRAM,0.0,49.857142857142854,50.001428551020986,100.0
INCH,7.0,11.6,5.029910535983716,18.0
MILES,0.0,30.0,42.42640687119285,60.0
