type,Min,Mean,SD,Max
Money,0.5,173.4069813907941,2509.64608671415,80000.0