{
    "max": [
        4.0, 
        24.0, 
        2.0, 
        16.0, 
        2.0, 
        6.0, 
        12.0, 
        30.429, 
        500.0, 
        457.0, 
        36.0, 
        14.0, 
        1.0, 
        64.0, 
        18.0, 
        16.0, 
        5.2, 
        0.0, 
        2.0, 
        2.0, 
        2.0, 
        90.0, 
        521.0, 
        60.0, 
        28.0, 
        32.0, 
        160.0, 
        3.3, 
        96.0, 
        4.0, 
        3.0, 
        134.0, 
        24.0, 
        2.0, 
        845.0, 
        20.0, 
        1.0, 
        8.0, 
        2.0, 
        30.0, 
        7.0, 
        55.0, 
        2.0, 
        7.0, 
        1.0, 
        4.0, 
        0.0, 
        750.0, 
        2.0, 
        15.0, 
        256.0, 
        360.0, 
        5.0, 
        25.0, 
        21.0, 
        10.0, 
        3.0, 
        4.17, 
        525.0, 
        214.0, 
        17.0, 
        90.0, 
        0.0, 
        33.0, 
        6.0, 
        4.0, 
        8.0, 
        2.0
    ], 
    "mean": [
        4.0, 
        10.0, 
        2.0, 
        2.207843137254902, 
        2.0, 
        6.0, 
        12.0, 
        60.2145, 
        500.0, 
        73.85714285714286, 
        13.714285714285714, 
        6.666666666666667, 
        0.2, 
        31.081919179587352, 
        18.0, 
        16.0, 
        5.2, 
        0.0, 
        2.0, 
        12.0, 
        1.3333333333333333, 
        1504.5628415933302, 
        91.36067320186933, 
        60.0, 
        22.00830483634587, 
        18.285782115800547, 
        107.76852394916911, 
        3.3, 
        20.129032258064516, 
        3.0, 
        555.6024, 
        53.94666666666667, 
        13.714285714285715, 
        2.0, 
        611.4285714285714, 
        20.0, 
        1002.5, 
        8.0, 
        2.0, 
        30.0, 
        2553.033159509963, 
        55.0, 
        2.0, 
        78.42323668221344, 
        1.0, 
        2.6071935566728466, 
        0.0, 
        273.3333333333333, 
        2.0, 
        15.0, 
        98.17683134304258, 
        9276.933985415613, 
        299.40565848266124, 
        25.0, 
        230.20862394654404, 
        28.425, 
        72.0, 
        433.5894110107422, 
        125.75294117647059, 
        61.42063492063492, 
        17.0, 
        80.4, 
        12.0, 
        33.0, 
        8.916666666666666, 
        96.85714285714286, 
        20.166666666666668, 
        15.383333333333333
    ], 
    "min": [
        4.0, 
        3.0, 
        2.0, 
        1.0, 
        2.0, 
        6.0, 
        12.0, 
        30.429, 
        500.0, 
        0.0, 
        6.0, 
        3.0, 
        0.0, 
        4.0, 
        18.0, 
        16.0, 
        5.2, 
        0.0, 
        2.0, 
        2.0, 
        1.0, 
        0.0, 
        1.0, 
        60.0, 
        4.0, 
        2.0, 
        8.0, 
        3.3, 
        0.0, 
        1.0, 
        3.0, 
        1.15, 
        0.0, 
        2.0, 
        120.0, 
        20.0, 
        1.0, 
        8.0, 
        2.0, 
        30.0, 
        0.0, 
        55.0, 
        0.0, 
        1.0, 
        1.0, 
        1.0, 
        0.0, 
        100.0, 
        2.0, 
        15.0, 
        2.0, 
        0.0, 
        2.0, 
        25.0, 
        1.0, 
        6.0, 
        3.0, 
        2.0, 
        40.0, 
        0.0, 
        17.0, 
        78.0, 
        0.0, 
        33.0, 
        0.0, 
        0.0, 
        4.0, 
        0.0
    ]
}