{
    "max": [
        200.5402, 
        2.0, 
        252.0, 
        2.0, 
        28.0, 
        20.0, 
        8.0, 
        4.0, 
        10198.0, 
        2.0, 
        500.0, 
        25.0, 
        67.7, 
        4.17, 
        214.0, 
        17.0, 
        188.0, 
        6.0, 
        4.0, 
        252.0, 
        3.0, 
        360.0, 
        5.0, 
        750.0, 
        2369.0, 
        21.0, 
        10.0, 
        5.0, 
        252.0, 
        20.0, 
        4.0, 
        2.0
    ], 
    "mean": [
        2.7183013862374747, 
        2.0, 
        252.0, 
        2.0, 
        13.571428571428571, 
        20.0, 
        8.0, 
        4.0, 
        10198.0, 
        2.0, 
        428.57142857142856, 
        25.0, 
        67.7, 
        4.17, 
        109.12698412698413, 
        17.0, 
        188.0, 
        6.0, 
        4.0, 
        252.0, 
        3.0, 
        117.07167204675113, 
        5.0, 
        273.3333333333333, 
        1662.6666666666667, 
        21.0, 
        10.0, 
        5.0, 
        216.57142857142858, 
        17.333333333333332, 
        1.6774193548387097, 
        2.0
    ], 
    "min": [
        1.0, 
        2.0, 
        252.0, 
        2.0, 
        7.0, 
        20.0, 
        8.0, 
        4.0, 
        10198.0, 
        2.0, 
        250.0, 
        25.0, 
        67.7, 
        4.17, 
        0.0, 
        17.0, 
        188.0, 
        6.0, 
        4.0, 
        252.0, 
        3.0, 
        0.0, 
        5.0, 
        100.0, 
        250.0, 
        21.0, 
        10.0, 
        5.0, 
        4.0, 
        16.0, 
        0.0, 
        2.0
    ]
}