{
    "application/x-ESRI-Shapefile": {
        "0": 0.8842989505674042,
        "1": 0.05594593703040455,
        "2": 0.015355286527816746,
        "3": 0.010420718165949364,
        "4": 0.014942824018510218,
        "5": 0.006891686659001836,
        "6": 0.004886873718032153,
        "7": 0.006896021346366345,
        "8": 0.010131617180609502,
        "9": 0.004419860374354911,
        "10": 0.03380304852937374,
        "11": 0.004474133658683645,
        "12": 0.006629837554593164,
        "13": 0.010035003938814149,
        "14": 0.006154148053202056,
        "15": 0.006823002164214847,
        "16": 0.010191985694814519,
        "17": 0.006226236094166099,
        "18": 0.004372379451901044,
        "19": 0.00386772432026922,
        "20": 0.004807167411200645,
        "21": 0.0035499892512743667,
        "22": 0.003539608215067949,
        "23": 0.004860544048240741,
        "24": 0.007834350287454751,
        "25": 0.003928114709608896,
        "26": 0.003756340122714172,
        "27": 0.0035975083226365634,
        "28": 0.004250391077114613,
        "29": 0.003583072081290508,
        "30": 0.003923117809034482,
        "31": 0.014235454174689842,
        "32": 0.025418329621406863,
        "33": 0.00940612447218083,
        "34": 0.015293012852398443,
        "35": 0.01088930782833767,
        "36": 0.0035900387396887207,
        "37": 0.0028610206165455847,
        "38": 0.00344352147483991,
        "39": 0.013227680068693562,
        "40": 0.005870787487809247,
        "41": 0.002869082684578023,
        "42": 0.009338212017246642,
        "43": 0.003215031644939811,
        "44": 0.009909588781405188,
        "45": 0.004039251634054055,
        "46": 0.002975122552290335,
        "47": 0.0049253075816381225,
        "48": 0.008584610597293953,
        "49": 0.0035958080606852245,
        "50": 0.0075084698911826436,
        "51": 0.004587885189303028,
        "52": 0.0032177576082372443,
        "53": 0.00310718052713443,
        "54": 0.00430272396972094,
        "55": 0.005497362938739704,
        "56": 0.014222666297799265,
        "57": 0.003065607738639075,
        "58": 0.01814315452643138,
        "59": 0.006785864527254057,
        "60": 0.0342071545270996,
        "61": 0.06301371564778534,
        "62": 0.015774223236441152,
        "63": 0.01424999431928484,
        "64": 0.13989872591510472,
        "65": 0.061636095215668596,
        "66": 0.007516092011226898,
        "67": 0.00515811336755359,
        "68": 0.005973691110881547,
        "69": 0.007728650758102192,
        "70": 0.006236265743016086,
        "71": 0.00995735196373594,
        "72": 0.0073485629531321196,
        "73": 0.00426333175692872,
        "74": 0.0029658858974526987,
        "75": 0.0036216808009648296,
        "76": 0.005814115832634428,
        "77": 0.0045778896311047335,
        "78": 0.00430388787949797,
        "79": 0.005499153866563746,
        "80": 0.00808983601501853,
        "81": 0.0037037896331371034,
        "82": 0.003755188768587262,
        "83": 0.004220970092464502,
        "84": 0.008340114929799419,
        "85": 0.011389423746408127,
        "86": 0.09372882355486177,
        "87": 0.014288311491648387,
        "88": 0.00710433902014722,
        "89": 0.003007714318200972,
        "90": 0.003422363239991738,
        "91": 0.0029618007192910157,
        "92": 0.004750853738755027,
        "93": 0.0028100623219822953,
        "94": 0.0316451259920116,
        "95": 0.014334711210921938,
        "96": 0.017731832515096593,
        "97": 0.002360485658017889,
        "98": 0.00236611951045994,
        "99": 0.0018771291989217616,
        "100": 0.002959296364591745,
        "101": 0.009146309505499113,
        "102": 0.004781974862108277,
        "103": 0.0030721431664452142,
        "104": 0.003911792112134783,
        "105": 0.0015921500924913493,
        "106": 0.0026886767995427927,
        "107": 0.0014238806476672783,
        "108": 0.002602191138787533,
        "109": 0.0024038042371733407,
        "110": 0.0029149643826967527,
        "111": 0.0032804184057829613,
        "112": 0.014061260906684726,
        "113": 0.0023021843465235356,
        "114": 0.002371390027843847,
        "115": 0.002191187652677713,
        "116": 0.002886067333754836,
        "117": 0.0019655066524474248,
        "118": 0.002199693415922767,
        "119": 0.0050738220669203915,
        "120": 0.004710069354142288,
        "121": 0.0025512387730252358,
        "122": 0.0028996411409932346,
        "123": 0.002384371251652109,
        "124": 0.0033024330910002312,
        "125": 0.00867200756890544,
        "126": 0.0021306773883459857,
        "127": 0.023490156724998806,
        "128": 0.022625072623521862,
        "129": 0.0022382251870728845,
        "130": 0.0027716530546703774,
        "131": 0.008694444716560916,
        "132": 0.0024533963916607508,
        "133": 0.0027887248706269657,
        "134": 0.002127157965059342,
        "135": 0.004304316227311584,
        "136": 0.0059229999026375905,
        "137": 0.0033868330308481575,
        "138": 0.0026314229996251748,
        "139": 0.002219214436843482,
        "140": 0.0029284515859716257,
        "141": 0.0046285477300514015,
        "142": 0.002164300534488759,
        "143": 0.00478153277632779,
        "144": 0.007695927260101598,
        "145": 0.001913371875123099,
        "146": 0.0018782049613985385,
        "147": 0.002169890625573818,
        "148": 0.002602026317407911,
        "149": 0.002053296307728595,
        "150": 0.003209031109766141,
        "151": 0.0044523566333748545,
        "152": 0.004407325371140887,
        "153": 0.004087591769427939,
        "154": 0.0027633753316869975,
        "155": 0.002143118971362631,
        "156": 0.0031690475617380037,
        "157": 0.0020584883541571288,
        "158": 0.00195255341074764,
        "159": 0.01337516297429931,
        "160": 0.017306274465495264,
        "161": 0.0033532190236060105,
        "162": 0.0022595148494545425,
        "163": 0.0024780214266135847,
        "164": 0.002504344484546544,
        "165": 0.0018487968325294926,
        "166": 0.0018455458246287746,
        "167": 0.003624228404052061,
        "168": 0.0037884108109701134,
        "169": 0.002028258334901519,
        "170": 0.0017631983837650565,
        "171": 0.0021647447444596538,
        "172": 0.002739291056016619,
        "173": 0.0017038935642534172,
        "174": 0.0026036772542283814,
        "175": 0.0033105154102412463,
        "176": 0.010239574783061527,
        "177": 0.0015477915972306033,
        "178": 0.002251730291351897,
        "179": 0.0018102871085601269,
        "180": 0.0029951350717326384,
        "181": 0.001687073155983216,
        "182": 0.0024477910156201006,
        "183": 0.004065995408875487,
        "184": 0.006751750533869599,
        "185": 0.0016584865764397538,
        "186": 0.0021632228964856837,
        "187": 0.004089458719886018,
        "188": 0.0026646692460199585,
        "189": 0.0018142959933400624,
        "190": 0.0025037640446794376,
        "191": 0.00950608411370764,
        "192": 0.11655514099080944,
        "193": 0.0026083143235778048,
        "194": 0.0027926148013339208,
        "195": 0.0018898687360139272,
        "196": 0.0034230722045462524,
        "197": 0.0017245323160368841,
        "198": 0.0031858786644161545,
        "199": 0.009735249287011747,
        "200": 0.004710738919842003,
        "201": 0.0018734862827818521,
        "202": 0.002286904504247505,
        "203": 0.002355137752059376,
        "204": 0.004191038619880353,
        "205": 0.002047767418056406,
        "206": 0.0022636676500575863,
        "207": 0.0034361793767197757,
        "208": 0.01428629439559227,
        "209": 0.0020369866070671836,
        "210": 0.002586077170952475,
        "211": 0.0017369204911990188,
        "212": 0.0026484855726508286,
        "213": 0.004842352439380578,
        "214": 0.0015273972495493402,
        "215": 0.00455858046551982,